Fund_Name,Category,1Y_Return,3Y_Return,5Y_Return,Expense_Ratio,Risk_Rating,AUM_Crore,Average_Return,Performance_Rank,Expense_Rank,Risk_Score,Return_Score,Expense_Score,Performance_Score,Final_Rank
HDFC Flexi Cap Fund,Flexi Cap,18.5,16.2,14.8,0.72,High,52000,16.5,8,10,2,42.391304347826086,16.129032258064516,36.0343618513324,10
Parag Parikh Flexi Cap Fund,Flexi Cap,21.3,18.4,16.1,0.63,High,68000,18.6,5,3,2,65.21739130434784,30.645161290322577,51.80224403927069,5
SBI Bluechip Fund,Large Cap,15.2,13.8,12.5,0.75,Moderate,45000,13.833333333333334,12,12,3,13.405797101449284,11.290322580645155,25.08999532491819,15
ICICI Prudential Bluechip Fund,Large Cap,16.8,14.5,13.2,0.78,Moderate,51000,14.833333333333334,11,13,3,24.27536231884059,6.451612903225795,29.073165030388033,13
Axis Midcap Fund,Mid Cap,19.6,17.1,15.4,0.68,High,28000,17.366666666666667,7,6,2,51.81159420289856,22.58064516129031,42.67999064983637,9
Kotak Emerging Equity Fund,Mid Cap,20.1,17.8,15.9,0.67,High,34000,17.933333333333334,6,5,2,57.971014492753625,24.193548387096765,46.243571762505844,7
HDFC Small Cap Fund,Small Cap,24.2,20.3,17.6,0.69,Very High,32000,20.7,3,7,1,88.04347826086956,20.967741935483875,55.31206171107994,3
SBI Small Cap Fund,Small Cap,23.5,21.0,18.2,0.7,Very High,41000,20.900000000000002,2,8,1,90.21739130434784,19.35483870967742,55.915147265077145,2
Mirae Asset Large Cap Fund,Large Cap,14.9,13.5,12.8,0.65,Moderate,36000,13.733333333333334,13,4,3,12.318840579710159,27.41935483870967,29.38522674146798,12
Nippon India Growth Fund,Mid Cap,22.4,18.9,16.7,0.71,High,29000,19.333333333333332,4,9,2,73.18840579710142,17.741935483870968,51.916783543712,4
Canara Robeco Equity Tax Saver,ELSS,17.7,15.6,14.2,0.73,High,12000,15.833333333333334,10,11,2,35.14492753623189,14.516129032258062,31.92730247779336,11
Quant ELSS Tax Saver Fund,ELSS,25.1,21.4,18.9,0.59,Very High,18000,21.8,1,2,1,100.0,37.09677419354839,66.12903225806451,1
UTI Nifty 50 Index Fund,Index,13.8,12.9,11.8,0.2,Moderate,22000,12.833333333333334,14,1,3,2.536231884057981,100.0,46.26811594202899,6
HDFC Index S&P BSE Sensex Fund,Index,13.5,12.7,11.6,0.2,Moderate,9000,12.6,15,1,3,0.0,100.0,45.0,8
Aditya Birla Sun Life Flexi Cap Fund,Flexi Cap,17.9,15.8,14.5,0.82,High,31000,16.066666666666666,9,14,2,37.68115942028985,0.0,28.840579710144926,14
