Fund_Name,Category,1Y_Return,3Y_Return,5Y_Return,Expense_Ratio,Risk_Rating,AUM_Crore
HDFC Flexi Cap Fund,Flexi Cap,18.5,16.2,14.8,0.72,High,52000
Parag Parikh Flexi Cap Fund,Flexi Cap,21.3,18.4,16.1,0.63,High,68000
SBI Bluechip Fund,Large Cap,15.2,13.8,12.5,0.75,Moderate,45000
ICICI Prudential Bluechip Fund,Large Cap,16.8,14.5,13.2,0.78,Moderate,51000
Axis Midcap Fund,Mid Cap,19.6,17.1,15.4,0.68,High,28000
Kotak Emerging Equity Fund,Mid Cap,20.1,17.8,15.9,0.67,High,34000
HDFC Small Cap Fund,Small Cap,24.2,20.3,17.6,0.69,Very High,32000
SBI Small Cap Fund,Small Cap,23.5,21.0,18.2,0.70,Very High,41000
Mirae Asset Large Cap Fund,Large Cap,14.9,13.5,12.8,0.65,Moderate,36000
Nippon India Growth Fund,Mid Cap,22.4,18.9,16.7,0.71,High,29000
Canara Robeco Equity Tax Saver,ELSS,17.7,15.6,14.2,0.73,High,12000
Quant ELSS Tax Saver Fund,ELSS,25.1,21.4,18.9,0.59,Very High,18000
UTI Nifty 50 Index Fund,Index,13.8,12.9,11.8,0.20,Moderate,22000
HDFC Index S&P BSE Sensex Fund,Index,13.5,12.7,11.6,0.20,Moderate,9000
Aditya Birla Sun Life Flexi Cap Fund,Flexi Cap,17.9,15.8,14.5,0.82,High,31000